"type_id_dec","type_id_hex","enum_name","enum_comment","decompile_line_start","decompile_line_end","param3_fields","context_vtable_offsets","direct_helper_calls","behavior_tags","excerpt"
"1","0x1","Level","Level requirement not met","101","111","1|3","","1404a2090","uint compare helper"," case 1: lVar12 = *param_2; uVar9 = uVar16; if (lVar12 != 0) { iVar8 = *(int *)(lVar12 + 0x3c); if (iVar8 == 0) { iVar8 = *(int *)(lVar12 + 0x38); } uVar9 = FUN_1404a2090(&switchD_14018df93::caseD_16,param_3[1],iVar8,param_3[3]); } break;"
"2","0x2","Race","Race requirement not met","112","114","1|3","0x30","","context vfunc 0x30"," case 2: uVar9 = (**(code **)(*param_1 + 0x30))(param_1,*param_2,param_3[1],param_3[3]); break;"
"3","0x3","Class","Class requirement not met","115","117","1|3","0x40","","context vfunc 0x40"," case 3: uVar9 = (**(code **)(*param_1 + 0x40))(param_1,*param_2,param_3[1],param_3[3]); break;"
"4","0x4","Faction","Faction requirement not met","118","120","1|3","0x58","","context vfunc 0x58"," case 4: uVar9 = (**(code **)(*param_1 + 0x58))(param_1,*param_2,param_3[1],param_3[3]); break;"
"5","0x5","Reputation","Reputation requirement not met","121","135","1|2","","1404a2010","float compare helper; direct subject memory read"," case 5: iVar8 = param_3[1]; uVar9 = uVar16; if (*param_2 != 0) { plVar10 = *(longlong **)(*param_2 + 0x118); if (plVar10 == (longlong *)0x0) { LAB_1404a272b: uVar9 = FUN_1404a2010(); } else { uVar20 = (**(code **)(*plVar10 + 0x20))(plVar10,param_3[2]); uVar9 = FUN_1404a2010(uVar20,iVar8); } } break;"
"6","0x6","QuestState","Quest requirement not met","136","138","1|2|3","0x418","","context vfunc 0x418"," case 6: uVar9 = (**(code **)(*param_1 + 0x418))(param_1,*param_2,param_3[1],param_3[2],param_3[3]); break;"
"7","0x7","AchievementState","Achievement requirement not met","139","141","1|2|3","0x428","","context vfunc 0x428"," case 7: uVar9 = (**(code **)(*param_1 + 0x428))(param_1,*param_2,param_3[1],param_3[2],param_3[3]); break;"
"8","0x8","ItemProficiency","Item proficiency requirement not met","142","144","1|3","0x118","","context vfunc 0x118"," case 8: uVar9 = (**(code **)(*param_1 + 0x118))(param_1,*param_2,param_3[1],param_3[3]); break;"
"9","0x9","EpisodeState","Episode requirement not met","145","147","1|2|3","0x420","","context vfunc 0x420"," case 9: uVar9 = (**(code **)(*param_1 + 0x420))(param_1,*param_2,param_3[1],param_3[2],param_3[3]); break;"
"10","0xa","Gender","Gender requirement not met","148","150","1|3","0x50","","context vfunc 0x50"," case 10: uVar9 = (**(code **)(*param_1 + 0x50))(param_1,*param_2,param_3[1],param_3[3]); break;"
"11","0xb","OtherPrerequisite","Other requirement not met","151","234","1|2","","14001c310|14018b900|14018efa0|1404a1ca0","nested prerequisite"," case 0xb: local_res8[0] = param_3[2]; lVar12 = param_1[7]; lVar11 = param_1[6]; if (*(int *)((longlong)param_1 + 0x6c) == 0) { LAB_1404a4745: if (param_3[1] == 2) { iVar8 = FUN_1404a1ca0(param_1,param_2,local_res8[0]); uVar9 = (uint)(iVar8 == 0); } else { uVar9 = FUN_1404a1ca0(param_1,param_2,local_res8[0]); } *(int *)(param_1 + 6) = (int)lVar11; param_1[7] = lVar12; if (*(int *)((longlong)param_1 + 0x6c) != 0) { uVar5 = 0; if ((int)param_1[0xd] != 0) {"
"12","0xc","DeadState","Player death state not correct","235","237","1|3","0x80","","context vfunc 0x80"," case 0xc: uVar9 = (**(code **)(*param_1 + 0x80))(param_1,*param_2,param_3[1],param_3[3]); break;"
"13","0xd","ItemEquipped","Item equipment requirement not met","238","240","1|3","0x120","","context vfunc 0x120"," case 0xd: uVar9 = (**(code **)(*param_1 + 0x120))(param_1,*param_2,param_3[1],param_3[3]); break;"
"14","0xe","ItemOnCharacter","Inventory requirement not met","241","243","1|3","0x128","","context vfunc 0x128"," case 0xe: uVar9 = (**(code **)(*param_1 + 0x128))(param_1,*param_2,param_3[1],param_3[3]); break;"
"15","0xf","UnderSpell","Spell requirements not met","244","246","1|3","","1404a4ec0",""," case 0xf: uVar9 = FUN_1404a4ec0(&switchD_14018df93::caseD_16,*param_2,param_3[1],param_3[3]); break;"
"16","0x10","DistanceToWorldLocation","Distance requirements not met","247","250","1|2|3","0x278","","context vfunc 0x278"," case 0x10: uVar9 = (**(code **)(*param_1 + 0x278)) (param_1,*param_2,param_3[1],param_3[2],(float)param_3[3]); break;"
"18","0x12","ScheduledEvent","You cannot do that at this time","251","253","1|3","0x390","","context vfunc 0x390"," case 0x12: uVar9 = (**(code **)(*param_1 + 0x390))(param_1,param_3[1],param_3[3]); break;"
"19","0x13","TradeSkillProfession","You must have the correct tradeskill tier.","254","256","1|2","0x3d8","","context vfunc 0x3d8"," case 0x13: uVar9 = (**(code **)(*param_1 + 0x3d8))(param_1,*param_2,param_3[1],param_3[2]); break;"
"20","0x14","GroupSize","Incorrect party size","257","259","1|3","0x308","","context vfunc 0x308"," case 0x14: uVar9 = (**(code **)(*param_1 + 0x308))(param_1,*param_2,param_3[1],param_3[3]); break;"
"22","0x16","QuestObjective0","Quest objective requirements not met","260","263","3","","",""," case 0x16: iVar8 = param_3[3]; uVar20 = 0; goto LAB_1404a3a56;"
"23","0x17","QuestObjective1","Quest objective requirements not met","264","267","3","","",""," case 0x17: iVar8 = param_3[3]; uVar20 = 1; goto LAB_1404a3a56;"
"24","0x18","InPhase","You cannot do that","268","270","1|3","0x290","","context vfunc 0x290"," case 0x18: uVar9 = (**(code **)(*param_1 + 0x290))(param_1,*param_2,param_3[1],param_3[3]); break;"
"25","0x19","CanSeePhase","You cannot do that","271","273","1|3","0x298","","context vfunc 0x298"," case 0x19: uVar9 = (**(code **)(*param_1 + 0x298))(param_1,*param_2,param_3[1],param_3[3]); break;"
"26","0x1a","InSubZone","Incorrect zone","274","276","1|3","0x2a0","","context vfunc 0x2a0"," case 0x1a: uVar9 = (**(code **)(*param_1 + 0x2a0))(param_1,*param_2,param_3[1],param_3[3]); break;"
"27","0x1b","InTriggerVolume","You are out of bounds","277","279","1|3","0x2a8","","context vfunc 0x2a8"," case 0x1b: uVar9 = (**(code **)(*param_1 + 0x2a8))(param_1,*param_2,param_3[1],param_3[3]); break;"
"28","0x1c","InCombat","You must be in combat","280","290","1","","","direct subject memory read"," case 0x1c: uVar9 = uVar16; if (*param_2 != 0) { uVar5 = *(uint *)(*param_2 + 0x2ac); LAB_1404a22ec: uVar9 = uVar5; if ((param_3[1] != 1) && (uVar9 = uVar16, param_3[1] == 2)) { uVar9 = (uint)(uVar5 == 0); } } break;"
"29","0x1d","TimeOfDay","Incorrect time of day","291","293","1|3","0x388","","context vfunc 0x388"," case 0x1d: uVar9 = (**(code **)(*param_1 + 0x388))(param_1,param_3[1],param_3[3]); break;"
"30","0x1e","FacilityWithinDistance","Distance requirement not met","294","296","1|2|3","0x2f0","","context vfunc 0x2f0"," case 0x1e: uVar9 = (**(code **)(*param_1 + 0x2f0))(param_1,*param_2,param_3[1],param_3[2],param_3[3]); break;"
"31","0x1f","CreatureWithinDistance","Distance requirement not met","297","299","1|2|3","0x368","","context vfunc 0x368"," case 0x1f: uVar9 = (**(code **)(*param_1 + 0x368))(param_1,*param_2,param_3[1],param_3[2],param_3[3]); break;"
"33","0x21","QuestObjective2","Quest objective requirements not met","300","303","3","","",""," case 0x21: iVar8 = param_3[3]; uVar20 = 2; goto LAB_1404a3a56;"
"34","0x22","QuestObjective3","Quest objective requirements not met","304","307","3","","",""," case 0x22: iVar8 = param_3[3]; uVar20 = 3; goto LAB_1404a3a56;"
"35","0x23","QuestObjective4","Quest objective requirements not met","308","311","3","","",""," case 0x23: iVar8 = param_3[3]; uVar20 = 4; goto LAB_1404a3a56;"
"36","0x24","QuestObjective5","Quest objective requirements not met","312","317","1|2|3","0x408","","context vfunc 0x408"," case 0x24: iVar8 = param_3[3]; uVar20 = 5; LAB_1404a3a56: uVar9 = (**(code **)(*param_1 + 0x408))(param_1,*param_2,param_3[1],param_3[2],uVar20,iVar8); break;"
"37","0x25","RandomPercent","Random check: Failed","318","323","1|3","","1404a2090","uint compare helper"," case 0x25: iVar8 = param_3[3]; iVar3 = param_3[1]; dVar21 = (double)(**(code **)(DAT_140c77890 + 0x30))(&DAT_140c77890); uVar9 = FUN_1404a2090(dVar21 * _DAT_140b7a280,iVar3,1 - (int)(dVar21 * _DAT_140b7a280),iVar8); break;"
"38","0x26","IsCreature","Incorrect creature","324","326","1|3","0x350","","context vfunc 0x350"," case 0x26: uVar9 = (**(code **)(*param_1 + 0x350))(param_1,*param_2,param_3[1],param_3[3]); break;"
"39","0x27","IsPlayer","Incorrect player","327","335","","","","direct subject memory read"," case 0x27: uVar9 = uVar16; if (*param_2 != 0) { bVar19 = *(int *)(*param_2 + 0x80) == 0x14; LAB_1404a22e9: uVar5 = (uint)bVar19; goto LAB_1404a22ec; } break;"
"40","0x28","Health","Incorrect health","336","338","1|3","","1404a4d90",""," case 0x28: uVar9 = FUN_1404a4d90(&switchD_14018df93::caseD_16,*param_2,param_3[1],param_3[3]); break;"
"41","0x29","ZoneExplored","Zone exploration criteria not met","339","342","1|2|3","0x2b0","","context vfunc 0x2b0"," case 0x29: uVar9 = (**(code **)(*param_1 + 0x2b0)) (param_1,*param_2,param_3[1],param_3[2],(float)param_3[3]); break;"
"42","0x2a","IsGroupLeader","You cannot do that","343","345","1","0x310","","context vfunc 0x310"," case 0x2a: uVar9 = (**(code **)(*param_1 + 0x310))(param_1,*param_2,param_3[1]); break;"
"43","0x2b","IsObjectiveActive","You cannot do that right now","346","348","1|2|3","0x3f8","","context vfunc 0x3f8"," case 0x2b: uVar9 = (**(code **)(*param_1 + 0x3f8))(param_1,*param_2,param_3[1],param_3[2],param_3[3]); break;"
"44","0x2c","InTargetGroup","You cannot do that right now","349","351","1|3","0x370","","context vfunc 0x370"," case 0x2c: uVar9 = (**(code **)(*param_1 + 0x370))(param_1,*param_2,param_3[1],param_3[3]); break;"
"46","0x2e","Waypoint","Incorrect waypoint direction","352","354","1|3","0x2b8","","context vfunc 0x2b8"," case 0x2e: uVar9 = (**(code **)(*param_1 + 0x2b8))(param_1,*param_2,param_3[1],param_3[3]); break;"
"47","0x2f","Unknown47","You cannot do that right now","355","357","1|3","0x2f8","","context vfunc 0x2f8"," case 0x2f: uVar9 = (**(code **)(*param_1 + 0x2f8))(param_1,*param_2,param_3[1],param_3[3]); break;"
"48","0x30","Unknown48","You cannot do that right now","358","360","1","0x1e8","","context vfunc 0x1e8"," case 0x30: uVar9 = (**(code **)(*param_1 + 0x1e8))(param_1,*param_2,param_3[1]); break;"
"49","0x31","Schedule","That schedule is unavailable","361","363","1|3","0x398","","context vfunc 0x398"," case 0x31: uVar9 = (**(code **)(*param_1 + 0x398))(param_1,param_3[1],param_3[3],(int)param_2[6]); break;"
"50","0x32","Unknown50","You cannot do that now","364","378","1|3","","1404699f0","uses secondary context/target"," case 0x32: iVar8 = param_3[1]; uVar9 = uVar16; if (*param_2 != 0) { if (param_2[1] != 0) { uVar5 = FUN_1404699f0(*param_2,*(undefined4 *)(param_2[1] + 8),param_3[3]); goto LAB_1404a2af0; } LAB_1404a2acc: uVar9 = uVar16; if ((iVar8 != 1) && (iVar8 == 2)) { uVar9 = 1; } } break;"
"51","0x33","ItemQuantity","You do not have the correct number of items","379","381","1|2|3","0x138","","context vfunc 0x138"," case 0x33: uVar9 = (**(code **)(*param_1 + 0x138))(param_1,*param_2,param_3[1],param_3[2],param_3[3]); break;"
"52","0x34","Path","You do not meet the player path requirement","382","384","1|3","0x478","","context vfunc 0x478"," case 0x34: uVar9 = (**(code **)(*param_1 + 0x478))(param_1,*param_2,param_3[1],param_3[3]); break;"
"53","0x35","PathEpisode","You do not meet the player path episode requirement","385","387","1|3","0x480","","context vfunc 0x480"," case 0x35: uVar9 = (**(code **)(*param_1 + 0x480))(param_1,*param_2,param_3[1],param_3[3]); break;"
"54","0x36","PlayerPathMission","You do not meet the player path mission requirement","388","390","1|3","0x488","","context vfunc 0x488"," case 0x36: uVar9 = (**(code **)(*param_1 + 0x488))(param_1,*param_2,param_3[1],param_3[3]); break;"
"55","0x37","Unknown55","Requirements not met","391","393","","","",""," case 0x37: lVar12 = *param_2; goto joined_r0x0001404a24b7;"
"56","0x38","Unknown56","Requirements not met","394","403","3","","","direct subject memory read"," case 0x38: uVar9 = uVar16; if (*param_2 != 0) { uVar5 = 0; if (param_3[3] < 0x1c) { uVar5 = (uint)(*(longlong *)(*param_2 + 0x2d8 + (longlong)param_3[3] * 0x10) != 0); } goto LAB_1404a22ec; } break;"
"59","0x3b","Spell59","Spell requirements not met","404","406","1|2|3","","1404a4f60",""," case 0x3b: uVar9 = FUN_1404a4f60(&switchD_14018df93::caseD_16,*param_2,param_3[1],param_3[2],param_3[3]); break;"
"60","0x3c","Spell60","Spell requirements not met","407","422","1|2|3","","14046a110|1404a2090","uint compare helper; uses secondary context/target"," case 0x3c: iVar8 = param_3[3]; iVar3 = param_3[1]; if (*param_2 == 0) { uVar9 = 0; } else if (param_2[1] == 0) { if (iVar3 == 1) goto LAB_1404a2d2f; if (iVar3 == 2) goto LAB_1404a3612; uVar9 = 0; } else { uVar6 = FUN_14046a110(*param_2,*(undefined4 *)(param_2[1] + 8),param_3[2]); uVar9 = FUN_1404a2090(extraout_XMM0_Qa_03,iVar3,uVar6,iVar8); } break;"
"61","0x3d","PathMissionCount","Path mission count is incorrect ","423","425","1|2|3","0x4a0","","context vfunc 0x4a0"," case 0x3d: uVar9 = (**(code **)(*param_1 + 0x4a0))(param_1,*param_2,param_3[1],param_3[2],param_3[3]); break;"
"62","0x3e","ScanCreature","Unable to scan this creature - Probably HasScannedCreature","426","428","1|3","0x4a8","","context vfunc 0x4a8; uses secondary context/target"," case 0x3e: uVar9 = (**(code **)(*param_1 + 0x4a8))(param_1,*param_2,param_3[1],param_2[1],param_3[3]); break;"
"63","0x3f","Unknown63","Requirements not met","429","431","1","0x78","","context vfunc 0x78"," case 0x3f: uVar9 = (**(code **)(*param_1 + 0x78))(param_1,*param_2,param_3[1]); break;"
"64","0x40","Unknown64","Requirements not met","432","439","1","","1404a2010","float compare helper"," case 0x40: lVar12 = *param_2; joined_r0x0001404a24b7: uVar9 = uVar16; if (lVar12 != 0) { uVar9 = FUN_1404a2010(lVar12,param_3[1]); } break;"
"65","0x41","Deprecated65","Marked as DEPRECATED","440","442","1|3","0x358","","context vfunc 0x358"," case 0x41: uVar9 = (**(code **)(*param_1 + 0x358))(param_1,*param_2,param_3[1],param_3[3]); break;"
"66","0x42","Deprecated66","Marked as DEPRECATED","443","445","1|3","0x360","","context vfunc 0x360"," case 0x42: uVar9 = (**(code **)(*param_1 + 0x360))(param_1,*param_2,param_3[1],param_3[3]); break;"
"67","0x43","PathMissionRequirement","You do not meet the path mission requirement","446","448","1|3","0x490","","context vfunc 0x490"," case 0x43: uVar9 = (**(code **)(*param_1 + 0x490))(param_1,*param_2,param_3[1],param_3[3]); break;"
"68","0x44","QuestObjective","Quest objective requirement not met","449","451","1|2|3","0x400","","context vfunc 0x400"," case 0x44: uVar9 = (**(code **)(*param_1 + 0x400))(param_1,*param_2,param_3[1],param_3[2],param_3[3]); break;"
"69","0x45","ChallengeRequirement","Challenge requirement not met","452","454","1|2","0x440","","context vfunc 0x440"," case 0x45: uVar9 = (**(code **)(*param_1 + 0x440))(param_1,*param_2,param_3[1],param_3[2]); break;"
"70","0x46","ChallengeTier","Challenge tier requirement not met","455","457","1|2|3","0x448","","context vfunc 0x448"," case 0x46: uVar9 = (**(code **)(*param_1 + 0x448))(param_1,*param_2,param_3[1],param_3[2],param_3[3]); break;"
"71","0x47","Unknown71","Requirements not met","458","460","1|2|3","","1404a4e30",""," case 0x47: uVar9 = FUN_1404a4e30(&switchD_14018df93::caseD_16,*param_2,param_3[1],param_3[2],param_3[3]); break;"
"73","0x49","Vital","Requirements not met - Part of Vital","461","471","1|2|3","","140466520|1404a2090","uint compare helper"," case 0x49: iVar8 = param_3[3]; iVar3 = param_3[1]; if (*param_2 == 0) { uVar9 = 0; } else { uVar20 = FUN_140466520(*param_2,param_3[2]); uVar9 = FUN_1404a2090(uVar20,iVar3,(longlong)(float)uVar20,iVar8); } break;"
"74","0x4a","ChallengeLocked","The specified challenge is locked","472","474","1|2","0x450","","context vfunc 0x450"," case 0x4a: uVar9 = (**(code **)(*param_1 + 0x450))(param_1,*param_2,param_3[1],param_3[2]); break;"
"76","0x4c","Unknown76","Requirements not met","475","477","1|2|3","0x300","","context vfunc 0x300"," case 0x4c: uVar9 = (**(code **)(*param_1 + 0x300))(param_1,*param_2,param_3[1],param_3[2],param_3[3]); break;"
"77","0x4d","Unknown77","Requirements not met","478","492","","","","direct subject memory read"," case 0x4d: uVar9 = uVar16; if (*param_2 != 0) { uVar9 = 0; plVar10 = (longlong *)(*param_2 + 0x2d8); do { if (*plVar10 != 0) goto LAB_1404a257c; uVar9 = uVar9 + 1; plVar10 = plVar10 + 2; } while (uVar9 < 0x1c); LAB_1404a2575: uVar5 = 0; goto LAB_1404a22ec; } break;"
"78","0x4e","MovementMode","Invalid movement mode","493","499","3","","","direct subject memory read"," case 0x4e: uVar9 = uVar16; if (*param_2 != 0) { bVar19 = *(int *)(*param_2 + 0x1088) == param_3[3]; goto LAB_1404a22e9; } break;"
"79","0x4f","UnderForcedMovement","Not under forced movement","500","502","1","0xd8","","context vfunc 0xd8"," case 0x4f: uVar9 = (**(code **)(*param_1 + 0xd8))(param_1,*param_2,param_3[1]); break;"
"80","0x50","HealthRequirement","You do not meet the health requirements","503","513","1|3","","1404a2090","uint compare helper; direct subject memory read"," case 0x50: iVar8 = param_3[3]; iVar3 = param_3[1]; if ((longlong *)*param_2 == (longlong *)0x0) { uVar9 = 0; } else { uVar6 = (**(code **)(*(longlong *)*param_2 + 0x40))(); uVar9 = FUN_1404a2090(extraout_XMM0_Qa_00,iVar3,uVar6,iVar8); } break;"
"81","0x51","WrongSpellMechanic","Wrong spell mechanic","514","516","1|3","0x150","","context vfunc 0x150"," case 0x51: uVar9 = (**(code **)(*param_1 + 0x150))(param_1,*param_2,param_3[1],param_3[3]); break;"
"82","0x52","Unknown82","Requirements not met","517","519","1|3","0x48","","context vfunc 0x48"," case 0x52: uVar9 = (**(code **)(*param_1 + 0x48))(param_1,*param_2,param_3[1],param_3[3]); break;"
"83","0x53","Vehicle","Vehicle conditions not met","520","522","1|2|3","0xe0","","context vfunc 0xe0"," case 0x53: uVar9 = (**(code **)(*param_1 + 0xe0))(param_1,*param_2,param_3[1],param_3[2],param_3[3]); break;"
"84","0x54","Mount","Mount conditions not met","523","525","1|2|3","0xe8","","context vfunc 0xe8"," case 0x54: uVar9 = (**(code **)(*param_1 + 0xe8))(param_1,*param_2,param_3[1],param_3[2],param_3[3]); break;"
"85","0x55","Taxi","Taxi conditions not met","526","528","1|2","0xf0","","context vfunc 0xf0"," case 0x55: uVar9 = (**(code **)(*param_1 + 0xf0))(param_1,*param_2,param_3[1],param_3[2]); break;"
"86","0x56","Jump","Jump requirement not met","529","535","","","","direct subject memory read"," case 0x56: uVar9 = uVar16; if (*param_2 != 0) { uVar5 = *(uint *)(*param_2 + 0x1070) & 0x40; goto LAB_1404a22ec; } break;"
"87","0x57","Moving","Moving requirement not met","536","542","","","","direct subject memory read"," case 0x57: uVar9 = uVar16; if (*param_2 != 0) { uVar5 = *(uint *)(*param_2 + 0x1070) & 2; goto LAB_1404a22ec; } break;"
"88","0x58","Pet","Pet requirements not met","543","545","1","0x158","","context vfunc 0x158; uses secondary context/target"," case 0x58: uVar9 = (**(code **)(*param_1 + 0x158))(param_1,*param_2,param_3[1],param_2[1]); break;"
"89","0x59","Unknown89","Requirements not met","546","548","1","0x160","","context vfunc 0x160; uses secondary context/target"," case 0x59: uVar9 = (**(code **)(*param_1 + 0x160))(param_1,*param_2,param_3[1],param_2[1]); break;"
"90","0x5a","Unknown90","Requirements not met","549","551","1","0x2c0","","context vfunc 0x2c0"," case 0x5a: uVar9 = (**(code **)(*param_1 + 0x2c0))(param_1,*param_2,param_3[1]); break;"
"91","0x5b","PathLevel","Incorrect path level","552","554","1|3","0x4b0","","context vfunc 0x4b0"," case 0x5b: uVar9 = (**(code **)(*param_1 + 0x4b0))(param_1,*param_2,param_3[1],param_3[3]); break;"
"92","0x5c","SpellCondition92","Spell conditions not met","555","557","1|2|3","0x168","","context vfunc 0x168"," case 0x5c: uVar9 = (**(code **)(*param_1 + 0x168))(param_1,*param_2,param_3[1],param_3[2],param_3[3]); break;"
"93","0x5d","SpellCondition93","Spell conditions not met","558","571","2","","","direct subject memory read"," case 0x5d: uVar9 = uVar16; if (*param_2 != 0) { lVar12 = *(longlong *)(*param_2 + 0x15c8); if (lVar12 == 0) goto LAB_1404a2575; do { if (*(int *)(*(longlong *)(*(longlong *)(*(longlong *)(lVar12 + 0x38) + 0x138) + 0x70) + 0xf8) == param_3[2]) goto LAB_1404a257c; lVar12 = *(longlong *)(lVar12 + 0x18); } while (lVar12 != 0); uVar5 = 0; goto LAB_1404a22ec; } break;"
"94","0x5e","QuestObjective6","Quest objective requirements not met","572","575","1|2|3","0x410","","context vfunc 0x410; uses secondary context/target"," case 0x5e: uVar9 = (**(code **)(*param_1 + 0x410)) (param_1,*param_2,param_3[1],param_3[2],param_3[3],param_2[1]); break;"
"95","0x5f","Distance","Distance requirements not met","576","598","1|3","","1404a2090","uint compare helper; uses secondary context/target"," case 0x5f: lVar12 = *param_2; lVar11 = param_2[1]; iVar8 = param_3[1]; uVar9 = uVar16; if (lVar12 != 0) { if (lVar11 == 0) { LAB_1404a219b: uVar9 = uVar16; if ((iVar8 != 1) && (iVar8 == 2)) { uVar9 = 1; } } else { fVar24 = *(float *)(lVar11 + 0x11e0) - *(float *)(lVar12 + 0x11e0); fVar25 = *(float *)(lVar11 + 0x11e4) - *(float *)(lVar12 + 0x11e4); fVar26 = *(float *)(lVar11 + 0x11e8) - *(float *)(lVar12 + 0x11e8); uVar9 = FUN_1404a2090(lVar12,iVar8,"
"96","0x60","Unknown96","Requirements not met","599","601","1","0x1b0","","context vfunc 0x1b0; uses secondary context/target"," case 0x60: uVar9 = (**(code **)(*param_1 + 0x1b0))(param_1,*param_2,param_3[1],param_2[1]); break;"
"97","0x61","Unknown97","Requirements not met","602","604","1","0x1b8","","context vfunc 0x1b8; uses secondary context/target"," case 0x61: uVar9 = (**(code **)(*param_1 + 0x1b8))(param_1,*param_2,param_3[1],param_2[1]); break;"
"98","0x62","Unknown98","Requirements not met","605","607","1","0x1c0","","context vfunc 0x1c0; uses secondary context/target"," case 0x62: uVar9 = (**(code **)(*param_1 + 0x1c0))(param_1,*param_2,param_3[1],param_2[1]); break;"
"99","0x63","Unknown99","Requirements not met","608","610","1","0x1c8","","context vfunc 0x1c8; uses secondary context/target"," case 99: uVar9 = (**(code **)(*param_1 + 0x1c8))(param_1,*param_2,param_3[1],param_2[1]); break;"
"100","0x64","Unknown100","Requirements not met","611","613","1","0x1d0","","context vfunc 0x1d0; uses secondary context/target"," case 100: uVar9 = (**(code **)(*param_1 + 0x1d0))(param_1,*param_2,param_3[1],param_2[1]); break;"
"101","0x65","Unknown101","Requirements not met","614","616","1","0x1d8","","context vfunc 0x1d8; uses secondary context/target"," case 0x65: uVar9 = (**(code **)(*param_1 + 0x1d8))(param_1,*param_2,param_3[1],param_2[1]); break;"
"102","0x66","SpellEffect102","Spell effect requirements not met","617","619","1|2","","1404a4fe0",""," case 0x66: uVar9 = FUN_1404a4fe0(&switchD_14018df93::caseD_16,*param_2,param_3[1],param_3[2]); break;"
"103","0x67","SpellEffect103","Spell effect requirements not met","620","632","1|2","","14046a190","uses secondary context/target"," case 0x67: iVar8 = param_3[1]; uVar9 = uVar16; if (*param_2 != 0) { if (param_2[1] == 0) goto LAB_1404a2acc; uVar5 = FUN_14046a190(*param_2,*(undefined4 *)(param_2[1] + 8),param_3[2]); LAB_1404a2af0: uVar9 = uVar5; if ((iVar8 != 1) && (uVar9 = uVar16, iVar8 == 2)) { uVar9 = (uint)(uVar5 == 0); } } break;"
"104","0x68","SpellEffect104","Spell effect requirements not met","633","640","1|2","","14046a210",""," case 0x68: iVar8 = param_3[1]; uVar9 = uVar16; if (*param_2 != 0) { uVar5 = FUN_14046a210(*param_2,param_3[2]); goto LAB_1404a2af0; } break;"
"105","0x69","SpellEffect105","Spell effect requirements not met","641","664","1|2","","","direct subject memory read"," case 0x69: iVar8 = param_3[2]; iVar3 = param_3[1]; if (*param_2 == 0) { LAB_1404a2d2f: uVar9 = 0; } else { for (plVar10 = *(longlong **)(*param_2 + 0x15d0); plVar10 != (longlong *)0x0; plVar10 = (longlong *)plVar10[6]) { iVar7 = (**(code **)(*plVar10 + 0x38))(plVar10); if (iVar7 == iVar8) { uVar5 = 1; goto LAB_1404a2d5a; } } uVar5 = 0; LAB_1404a2d5a:"
"106","0x6a","Unknown106","Requirements not met","665","667","1","0x318","","context vfunc 0x318; uses secondary context/target"," case 0x6a: uVar9 = (**(code **)(*param_1 + 0x318))(param_1,*param_2,param_3[1],param_2[1]); break;"
"107","0x6b","QuestObjective7","Quest object requirement not met","668","670","1|2","0x4b8","","context vfunc 0x4b8; uses secondary context/target"," case 0x6b: uVar9 = (**(code **)(*param_1 + 0x4b8))(param_1,*param_2,param_3[1],param_3[2],param_2[1]); break;"
"108","0x6c","PositionalRequirement","Requirements not met","671","673","1|2","0x1e0","","context vfunc 0x1e0; uses secondary context/target"," case 0x6c: uVar9 = (**(code **)(*param_1 + 0x1e0))(param_1,*param_2,param_3[1],param_2[1],param_3[2]); break;"
"109","0x6d","WorldRequirement","World requirement not met","674","676","1|2","0x2c8","","context vfunc 0x2c8"," case 0x6d: uVar9 = (**(code **)(*param_1 + 0x2c8))(param_1,param_3[1],param_3[2]); break;"
"110","0x6e","PlayerPathMissionCount","Player path mission count not correct","677","679","1|2|3","0x4c0","","context vfunc 0x4c0"," case 0x6e: uVar9 = (**(code **)(*param_1 + 0x4c0))(param_1,*param_2,param_3[1],param_3[2],param_3[3]); break;"
"111","0x6f","HazardProperty111","Hazard property requirement not met","680","682","1|2","0x518","","context vfunc 0x518"," case 0x6f: uVar9 = (**(code **)(*param_1 + 0x518))(param_1,*param_2,param_3[1],param_3[2]); break;"
"112","0x70","HazardProperty112","Hazard property requirement not met","683","685","1|2|3","0x520","","context vfunc 0x520"," case 0x70: uVar9 = (**(code **)(*param_1 + 0x520))(param_1,*param_2,param_3[1],param_3[2],param_3[3]); break;"
"113","0x71","HazardProperty113","Hazard property requirement not met","686","689","1|2|3","0x528","","context vfunc 0x528"," case 0x71: uVar9 = (**(code **)(*param_1 + 0x528)) (param_1,*param_2,param_3[1],param_3[2],(float)param_3[3]); break;"
"114","0x72","Vital114","Vital requirement not met","690","702","1|2|3","","140466520|1404a2010","float compare helper"," case 0x72: lVar12 = *param_2; iVar8 = param_3[3]; iVar3 = param_3[1]; if (lVar12 == 0) { uVar9 = 0; } else { FUN_140466520(lVar12,param_3[2]); uVar20 = FUN_140466520(lVar12,iVar8); uVar9 = FUN_1404a2010(uVar20,iVar3); } break;"
"115","0x73","Unit","Unit requirement not met","703","708","1","","1404a2010","float compare helper"," case 0x73: uVar9 = uVar16; if (*param_2 != 0) { uVar9 = FUN_1404a2010(*param_2,param_3[1]); } break;"
"116","0x74","Stealth","Stealth property requirement not met","709","715","","","","direct subject memory read"," case 0x74: uVar9 = uVar16; if (*param_2 != 0) { uVar5 = (uint)(1 < *(int *)(*param_2 + 0x54)); goto LAB_1404a22ec; } break;"
"117","0x75","PublicEvent117","Public event requirement not met","716","718","1|2","0x538","","context vfunc 0x538"," case 0x75: uVar9 = (**(code **)(*param_1 + 0x538))(param_1,param_3[1],param_3[2]); break;"
"118","0x76","PublicEventObjective188","Public event objective requirement not met ","719","721","1|2|3","0x540","","context vfunc 0x540"," case 0x76: uVar9 = (**(code **)(*param_1 + 0x540))(param_1,param_3[1],param_3[3],param_3[2]); break;"
"119","0x77","PublicEventObjectiveObject","Public event objective object requirement not met","722","724","1|2","0x548","","context vfunc 0x548; uses secondary context/target"," case 0x77: uVar9 = (**(code **)(*param_1 + 0x548))(param_1,*param_2,param_3[1],param_3[2],param_2[1]); break;"
"120","0x78","PublicEvent120","Public event requirement not met","725","727","1|2|3","0x550","","context vfunc 0x550"," case 0x78: uVar9 = (**(code **)(*param_1 + 0x550))(param_1,*param_2,param_3[1],param_3[2],param_3[3]); break;"
"121","0x79","PublicEvent121","Public event requirement not met.","728","730","1|2","0x558","","context vfunc 0x558"," case 0x79: uVar9 = (**(code **)(*param_1 + 0x558))(param_1,*param_2,param_3[1],param_3[2]); break;"
"122","0x7a","PublicEventObjective122","Public event objective not objective spawn","731","733","1|2","0x560","","context vfunc 0x560"," case 0x7a: uVar9 = (**(code **)(*param_1 + 0x560))(param_1,*param_2,param_3[1],param_3[2]); break;"
"123","0x7b","Unknown123","Public event objective not objective spawn","734","736","1|2|3","0x568","","context vfunc 0x568"," case 0x7b: uVar9 = (**(code **)(*param_1 + 0x568))(param_1,param_3[1],param_3[3],param_3[2]); break;"
"124","0x7c","ChallengeCompletionCount","Invalid challenge completion count","737","739","1|2|3","0x460","","context vfunc 0x460"," case 0x7c: uVar9 = (**(code **)(*param_1 + 0x460))(param_1,*param_2,param_3[1],param_3[2],param_3[3]); break;"
"125","0x7d","Challenge125","Challenge requirement not met","740","742","1|2","0x458","","context vfunc 0x458"," case 0x7d: uVar9 = (**(code **)(*param_1 + 0x458))(param_1,*param_2,param_3[1],param_3[2]); break;"
"126","0x7e","PathHoldout","Path holdout requirement not met","743","745","1|2","0x4c8","","context vfunc 0x4c8"," case 0x7e: uVar9 = (**(code **)(*param_1 + 0x4c8))(param_1,param_3[1],param_3[2]); break;"
"127","0x7f","PathHoldoutPlayer","Path holdout requirement for player not met","746","748","1|2","0x4d0","","context vfunc 0x4d0"," case 0x7f: uVar9 = (**(code **)(*param_1 + 0x4d0))(param_1,*param_2,param_3[1],param_3[2]); break;"
"128","0x80","Faction128","Faction requirement not met","749","751","1|3","0x68","","context vfunc 0x68"," case 0x80: uVar9 = (**(code **)(*param_1 + 0x68))(param_1,*param_2,param_3[1],param_3[3]); break;"
"129","0x81","SpellObj","Spell requirement not met","752","776","1|2","","","direct subject memory read; uses global manager 140c65b70"," case 0x81: iVar8 = param_3[2]; iVar3 = param_3[1]; if (*param_2 == 0) { uVar9 = 0; } else { for (lVar12 = *(longlong *)(*param_2 + 0x15c8); lVar12 != 0; lVar12 = *(longlong *)(lVar12 + 0x18)) { lVar11 = *DAT_140c65b70; uVar6 = (**(code **)(**(longlong **)(lVar12 + 0x38) + 8))(); iVar7 = (**(code **)(lVar11 + 0x38))(DAT_140c65b70,uVar6,iVar8); if (iVar7 != 0) { uVar5 = 1; goto LAB_1404a2bb2; } } uVar5 = 0;"
"130","0x82","Spell130","Spell requirement not met","777","785","1|2","","140469a70","uses secondary context/target"," case 0x82: iVar8 = param_3[1]; uVar9 = uVar16; if (*param_2 != 0) { if (param_2[1] == 0) goto LAB_1404a2acc; uVar5 = FUN_140469a70(*param_2,*(undefined4 *)(param_2[1] + 8),param_3[2]); goto LAB_1404a2af0; } break;"
"131","0x83","Level131","Level requirement not met","786","803","1","","1404a2090","uint compare helper; uses secondary context/target"," case 0x83: lVar12 = *param_2; lVar11 = param_2[1]; iVar8 = param_3[1]; uVar9 = uVar16; if (lVar12 != 0) { if (lVar11 == 0) goto LAB_1404a219b; iVar3 = *(int *)(lVar11 + 0x3c); if (iVar3 == 0) { iVar3 = *(int *)(lVar11 + 0x38); } iVar7 = *(int *)(lVar12 + 0x3c); if (iVar7 == 0) { iVar7 = *(int *)(lVar12 + 0x38); } uVar9 = FUN_1404a2090(lVar12,iVar8,iVar7,iVar3); } break;"
"133","0x85","Item133","Item requirement not met","804","806","1|2","0x5c8","","context vfunc 0x5c8"," case 0x85: uVar9 = (**(code **)(*param_1 + 0x5c8))(param_1,param_2[2],param_3[1],param_3[2]); break;"
"134","0x86","Item134","Item requirement not met","807","809","1|2","0x5d0","","context vfunc 0x5d0"," case 0x86: uVar9 = (**(code **)(*param_1 + 0x5d0))(param_1,param_2[2],param_3[1],param_3[2]); break;"
"135","0x87","Item135","Item requirement not met","810","812","1|2","0x5d8","","context vfunc 0x5d8"," case 0x87: uVar9 = (**(code **)(*param_1 + 0x5d8))(param_1,param_2[2],param_3[1],param_3[2]); break;"
"136","0x88","Item136","Item requirement not met","813","815","1|2","0x5e0","","context vfunc 0x5e0"," case 0x88: uVar9 = (**(code **)(*param_1 + 0x5e0))(param_1,param_2[3],param_3[1],param_3[2]); break;"
"137","0x89","ItemLevel","Item level requirement not met","816","818","1|3","0x5e8","","context vfunc 0x5e8"," case 0x89: uVar9 = (**(code **)(*param_1 + 0x5e8))(param_1,param_2[3],param_3[1],param_3[3]); break;"
"138","0x8a","ItemSpecial","Item special requirement not met","819","821","1|2","0x5f0","","context vfunc 0x5f0"," case 0x8a: uVar9 = (**(code **)(*param_1 + 0x5f0))(param_1,param_2[2],param_2[3],param_3[1],param_3[2]); break;"
"139","0x8b","ItemMicrochip","Item microchip requirement not met","822","824","1|3","0x5f8","","context vfunc 0x5f8"," case 0x8b: uVar9 = (**(code **)(*param_1 + 0x5f8))(param_1,param_2[2],param_3[1],param_3[3]); break;"
"140","0x8c","Item140","Item requirement not met","825","827","1|2|3","0x600","","context vfunc 0x600"," case 0x8c: uVar9 = (**(code **)(*param_1 + 0x600))(param_1,param_2[3],param_3[1],param_3[2],param_3[3]); break;"
"141","0x8d","IsOutOfBounds","You are out of bounds","828","830","1|2","0x280","","context vfunc 0x280"," case 0x8d: uVar9 = (**(code **)(*param_1 + 0x280))(param_1,*param_2,param_3[1],param_3[2]); break;"
"142","0x8e","Unknown142","Spell requirement not met","831","833","1|3","0x170","","context vfunc 0x170"," case 0x8e: uVar9 = (**(code **)(*param_1 + 0x170))(param_1,(int)param_2[4],param_3[1],param_3[3]); break;"
"143","0x8f","Difficulty","Difficulty requirement not met","834","836","1|3","0x3a0","","context vfunc 0x3a0"," case 0x8f: uVar9 = (**(code **)(*param_1 + 0x3a0))(param_1,param_3[1],param_3[3]); break;"
"145","0x91","ItemIsSelfCraftedWeapon","Self-crafted weapon requirement not met","837","843","1","","",""," case 0x91: uVar9 = uVar16; if (param_3[1] == 1) { LAB_1404a3612: uVar9 = 1; } break;"
"146","0x92","ItemTradeSkillLevel","Item tradeskill level requirement not met","844","846","1|2","0x608","","context vfunc 0x608"," case 0x92: uVar9 = (**(code **)(*param_1 + 0x608))(param_1,param_2[2],param_3[1],param_3[2]); break;"
"147","0x93","PlayersInWorld","There are no players in the world who meet the requirement","847","849","1|2","0x2d0","","context vfunc 0x2d0"," case 0x93: uVar9 = (**(code **)(*param_1 + 0x2d0))(param_1,param_3[1],param_3[2]); break;"
"148","0x94","InfrastructureState","The infrastructure state requirement is not met","850","852","1|2|3","0x4e8","","context vfunc 0x4e8"," case 0x94: uVar9 = (**(code **)(*param_1 + 0x4e8))(param_1,param_3[1],param_3[3],param_3[2]); break;"
"149","0x95","State","State requirement not met","853","855","1|3","0x88","","context vfunc 0x88"," case 0x95: uVar9 = (**(code **)(*param_1 + 0x88))(param_1,*param_2,param_3[1],param_3[3]); break;"
"150","0x96","HubEconomyProgress","Hub economy progress requirement not met","856","858","1|2","0x4f0","","context vfunc 0x4f0"," case 0x96: uVar9 = (**(code **)(*param_1 + 0x4f0))(param_1,param_3[1],pcVar17,param_3[2]); break;"
"151","0x97","HubQualityOfLife","Hub quality of life progress requirement not met","859","861","1|2","0x4f8","","context vfunc 0x4f8"," case 0x97: uVar9 = (**(code **)(*param_1 + 0x4f8))(param_1,param_3[1],pcVar17,param_3[2]); break;"
"152","0x98","HubSecurity","Hub security progress requirement not met","862","864","1|2","0x500","","context vfunc 0x500"," case 0x98: uVar9 = (**(code **)(*param_1 + 0x500))(param_1,param_3[1],pcVar17,param_3[2]); break;"
"153","0x99","HoldoutWave","The specified holdout wave requirement not met","865","867","1|2|3","0x4d8","","context vfunc 0x4d8"," case 0x99: uVar9 = (**(code **)(*param_1 + 0x4d8))(param_1,param_3[1],param_3[2],param_3[3]); break;"
"154","0x9a","Holdout","Soldier holdout requirement not met","868","870","1|2|3","0x4e0","","context vfunc 0x4e0"," case 0x9a: uVar9 = (**(code **)(*param_1 + 0x4e0))(param_1,param_3[1],param_3[2],param_3[3]); break;"
"155","0x9b","PathMission155","Path mission requirement not met","871","873","1|2|3","0x508","","context vfunc 0x508"," case 0x9b: uVar9 = (**(code **)(*param_1 + 0x508))(param_1,*param_2,param_3[1],param_3[3],param_3[2]); break;"
"159","0x9f","Unknown159","Requirements not met","874","876","1|2","0x1e0","","context vfunc 0x1e0; uses secondary context/target"," case 0x9f: uVar9 = (**(code **)(*param_1 + 0x1e0))(param_1,param_2[1],param_3[1],*param_2,param_3[2]); break;"
"160","0xa0","Challenge160","Challenge requirement not met","877","879","1|2|3","0x468","","context vfunc 0x468"," case 0xa0: uVar9 = (**(code **)(*param_1 + 0x468))(param_1,*param_2,param_3[1],param_3[2],param_3[3]); break;"
"162","0xa2","PublicEventObjective2","Public event objective requirement not met","880","882","1|2","0x570","","context vfunc 0x570"," case 0xa2: uVar9 = (**(code **)(*param_1 + 0x570))(param_1,param_3[1],pcVar17,param_3[2]); break;"
"163","0xa3","PublicEventParticipantCount","Public event participant count requirement not met","883","885","1|2|3","0x578","","context vfunc 0x578"," case 0xa3: uVar9 = (**(code **)(*param_1 + 0x578))(param_1,param_3[1],param_3[3],param_3[2]); break;"
"164","0xa4","PublicEventParticipant164","Public event participant requirement not met","886","888","1|2","0x580","","context vfunc 0x580"," case 0xa4: uVar9 = (**(code **)(*param_1 + 0x580))(param_1,param_3[1],pcVar17,param_3[2]); break;"
"166","0xa6","PublicEventParticipant166","Public event participant requirement not met","889","891","1|2","0x588","","context vfunc 0x588"," case 0xa6: uVar9 = (**(code **)(*param_1 + 0x588))(param_1,*param_2,param_3[1],*param_1,param_3[2]); break;"
"167","0xa7","LiveEvent167","Live event requirement not met","892","894","1|2","0x590","","context vfunc 0x590"," case 0xa7: uVar9 = (**(code **)(*param_1 + 0x590))(param_1,param_3[1],param_3[2]); break;"
"168","0xa8","LiveEventCount","Live event count requirement not correct","895","897","1|2|3","0x5a0","","context vfunc 0x5a0"," case 0xa8: uVar9 = (**(code **)(*param_1 + 0x5a0))(param_1,param_3[1],param_3[3],param_3[2]); break;"
"169","0xa9","LiveEvent169","Live event requirement not met","898","900","1|2|3","0x5a8","","context vfunc 0x5a8"," case 0xa9: uVar9 = (**(code **)(*param_1 + 0x5a8))(param_1,param_3[1],param_3[3],param_3[2]); break;"
"170","0xaa","Unknown170","Requirements not met","901","903","1|3","0x90","","context vfunc 0x90"," case 0xaa: uVar9 = (**(code **)(*param_1 + 0x90))(param_1,*param_2,param_3[1],param_3[3]); break;"
"171","0xab","Unknown171","Requirements not met","904","906","1","0x510","","context vfunc 0x510; uses secondary context/target"," case 0xab: uVar9 = (**(code **)(*param_1 + 0x510))(param_1,*param_2,param_3[1],param_2[1]); break;"
"172","0xac","Unknown172","Requirements not met","907","926","1","","14022d500|14047a940|1404a2010","float compare helper"," case 0xac: lVar12 = *param_2; iVar8 = param_3[1]; uVar9 = uVar16; if (lVar12 != 0) { lVar11 = *(longlong *)(lVar12 + 0xd08); if (lVar11 == 0) { lVar12 = FUN_14022d500(*(undefined4 *)(lVar12 + 0xd8)); if (lVar12 == 0) goto LAB_1404a272b; uVar9 = FUN_1404a2010(); } else { auVar22._0_8_ = FUN_14047a940(lVar12); auVar22._8_8_ = extraout_XMM0_Qb; auVar23._4_12_ = auVar22._4_12_; auVar23._0_4_ = (float)auVar22._0_8_ * *(float *)(lVar11 + 0x8c); uVar9 = FUN_1404a2010(auVar23._0_8_,iVar8); }"
"173","0xad","ItemTradeSkill","Item tradeskill requirement not met","927","929","1|2","0x610","","context vfunc 0x610"," case 0xad: uVar9 = (**(code **)(*param_1 + 0x610))(param_1,param_2[2],param_3[1],param_3[2]); break;"
"174","0xae","Item6","Item requirement not met","930","932","1|2","0x618","","context vfunc 0x618"," case 0xae: uVar9 = (**(code **)(*param_1 + 0x618))(param_1,param_2[2],param_3[1],param_3[2]); break;"
"175","0xaf","TradeSkill","Tradeskill requirement not met","933","935","1|2","0x3e0","","context vfunc 0x3e0"," case 0xaf: uVar9 = (**(code **)(*param_1 + 0x3e0))(param_1,*param_2,param_3[1],param_3[2]); break;"
"176","0xb0","ChallengeObject","Challenge object requirement not met","936","938","1|2","0x470","","context vfunc 0x470; uses secondary context/target"," case 0xb0: uVar9 = (**(code **)(*param_1 + 0x470))(param_1,*param_2,param_3[1],param_3[2],param_2[1]); break;"
"177","0xb1","TrueLevel","True level requirement not met","939","945","1|3","","1404a2090","uint compare helper; direct subject memory read"," case 0xb1: uVar9 = uVar16; if (*param_2 != 0) { uVar9 = FUN_1404a2090(&switchD_14018df93::caseD_16,param_3[1],*(undefined4 *)(*param_2 + 0x38) ,param_3[3]); } break;"
"178","0xb2","Item7","Item of type Equipped?","946","948","1|2","0x140","","context vfunc 0x140"," case 0xb2: uVar9 = (**(code **)(*param_1 + 0x140))(param_1,*param_2,param_3[1],param_3[2]); break;"
"179","0xb3","Unknown179","Requirements not met","949","951","1|2","0x378","","context vfunc 0x378"," case 0xb3: uVar9 = (**(code **)(*param_1 + 0x378))(param_1,*param_2,param_3[1],param_3[2]); break;"
"180","0xb4","Unknown180","Requirements not met","952","954","1|3","0x3b0","","context vfunc 0x3b0"," case 0xb4: uVar9 = (**(code **)(*param_1 + 0x3b0))(param_1,param_3[1],param_3[3]); break;"
"182","0xb6","HouseOwnership","Housing ownership requirement not met","955","957","1","0x620","","context vfunc 0x620; uses secondary context/target"," case 0xb6: uVar9 = (**(code **)(*param_1 + 0x620))(param_1,*param_2,param_3[1],param_2[1]); break;"
"183","0xb7","Guild","Guild requirement not met","958","960","1","0x328","","context vfunc 0x328"," case 0xb7: uVar9 = (**(code **)(*param_1 + 0x328))(param_1,*param_2,param_3[1]); break;"
"184","0xb8","Guild2","Guild requirement not met","961","963","1","0x330","","context vfunc 0x330; uses secondary context/target"," case 0xb8: uVar9 = (**(code **)(*param_1 + 0x330))(param_1,*param_2,param_3[1],param_2[1]); break;"
"185","0xb9","GuildPerk","Guild perk requirement not met","964","966","1|3","0x338","","context vfunc 0x338"," case 0xb9: uVar9 = (**(code **)(*param_1 + 0x338))(param_1,*param_2,param_3[1],param_3[3]); break;"
"186","0xba","Unknown186","Requirements not met","967","969","1","0x628","","context vfunc 0x628; uses secondary context/target"," case 0xba: uVar9 = (**(code **)(*param_1 + 0x628))(param_1,*param_2,param_3[1],param_2[1]); break;"
"187","0xbb","WarplotPlugUpgrade","Warplot plug upgrade tier requirement not met","970","972","1|3","0x648","","context vfunc 0x648"," case 0xbb: uVar9 = (**(code **)(*param_1 + 0x648))(param_1,*param_2,param_3[1],param_3[3]); break;"
"188","0xbc","WarplotPermission","Warplot permission requirement not met","973","975","1|3","0x340","","context vfunc 0x340"," case 0xbc: uVar9 = (**(code **)(*param_1 + 0x340))(param_1,*param_2,param_3[1],param_3[3]); break;"
"189","0xbd","Unknown189","Exist in PrerequisiteType.tbl but does not have a description","976","978","1|3","0x2d8","","context vfunc 0x2d8"," case 0xbd: uVar9 = (**(code **)(*param_1 + 0x2d8))(param_1,param_3[1],param_3[3]); break;"
"190","0xbe","PetFlair","Pet flair requirement not met","979","981","1|2","0x658","","context vfunc 0x658"," case 0xbe: uVar9 = (**(code **)(*param_1 + 0x658))(param_1,*param_2,param_3[1],param_3[2]); break;"
"191","0xbf","Spell191","Spell requirement not met","982","1000","1","","14039df50|1404695e0|140561c30","uses current client/player global; uses global manager 140c65b70"," case 0xbf: lVar12 = *param_2; iVar8 = param_3[1]; uVar9 = uVar16; if (lVar12 != 0) { lVar11 = FUN_140561c30(DAT_140c65b70,*(undefined4 *)(lVar12 + 0x1600)); if ((lVar11 == 0) && (*(longlong *)(DAT_140c65898 + 0x78) == lVar12)) { lVar12 = FUN_14039df50(); lVar11 = 0; if (lVar12 != 0) { lVar11 = FUN_1404695e0(lVar12); } } uVar9 = (uint)(lVar11 != 0); if ((iVar8 != 1) && (uVar9 = uVar16, iVar8 == 2)) { uVar9 = (uint)((lVar11 != 0) == 0); } }"
"192","0xc0","Unknown192","Exist in PrerequisiteType.tbl but does not have a description","1001","1003","1","0x630","","context vfunc 0x630"," case 0xc0: uVar9 = (**(code **)(*param_1 + 0x630))(param_1,*param_2,param_3[1]); break;"
"193","0xc1","Unknown193","Requirement not met","1004","1006","1","0x2e0","","context vfunc 0x2e0"," case 0xc1: uVar9 = (**(code **)(*param_1 + 0x2e0))(param_1,param_3[1]); break;"
"194","0xc2","MountUsage","Ground mounts cannot be used in this area","1007","1009","1","0xf8","","context vfunc 0xf8"," case 0xc2: uVar9 = (**(code **)(*param_1 + 0xf8))(param_1,*param_2,param_3[1]); break;"
"195","0xc3","HoverboardUsage","Hoverboard mounts cannot be used in this area","1010","1012","1","0x100","","context vfunc 0x100"," case 0xc3: uVar9 = (**(code **)(*param_1 + 0x100))(param_1,*param_2,param_3[1]); break;"
"196","0xc4","Racial","Racial requirement not met","1013","1015","1|3","0x38","","context vfunc 0x38"," case 0xc4: uVar9 = (**(code **)(*param_1 + 0x38))(param_1,*param_2,param_3[1],param_3[3]); break;"
"197","0xc5","GliderUsage","Gliders cannot be used in this area","1016","1018","1","0x108","","context vfunc 0x108"," case 0xc5: uVar9 = (**(code **)(*param_1 + 0x108))(param_1,*param_2,param_3[1]); break;"
"198","0xc6","SpaceshipUsage","Spaceships cannot be used in this area","1019","1021","1","0x110","","context vfunc 0x110"," case 0xc6: uVar9 = (**(code **)(*param_1 + 0x110))(param_1,*param_2,param_3[1]); break;"
"199","0xc7","PublicEvent199","Public event requirement not met","1022","1024","1|2|3","0x5b0","","context vfunc 0x5b0"," case 199: uVar9 = (**(code **)(*param_1 + 0x5b0))(param_1,param_3[1],param_3[2],param_3[3]); break;"
"200","0xc8","PublicEventObjective200","Public event objective requirement not met","1025","1027","1|2|3","0x5b8","","context vfunc 0x5b8"," case 200: uVar9 = (**(code **)(*param_1 + 0x5b8))(param_1,param_3[1],param_3[2],param_3[3]); break;"
"201","0xc9","AchievementObject","Achievement object requirement not met","1028","1030","1|2|3","0x430","","context vfunc 0x430"," case 0xc9: uVar9 = (**(code **)(*param_1 + 0x430))(param_1,*param_2,param_3[1],param_3[2],param_3[3]); break;"
"203","0xcb","Unknown203","Exist in PrerequisiteType.tbl but does not have a description","1031","1033","1","0x348","","context vfunc 0x348"," case 0xcb: uVar9 = (**(code **)(*param_1 + 0x348))(param_1,*param_2,param_3[1]); break;"
"204","0xcc","Dueling","Dueling requirement not met","1034","1036","1","0x1f0","","context vfunc 0x1f0"," case 0xcc: uVar9 = (**(code **)(*param_1 + 0x1f0))(param_1,*param_2,param_3[1]); break;"
"205","0xcd","Personal2V2ArenaRating205","Personal arena 2v2 rating requirement not met","1037","1039","3","","",""," case 0xcd: iVar8 = (param_3[3] + 0x1c) * 0x32; goto LAB_1404a3197;"
"206","0xce","Personal3V3ArenaRating206","Personal arena 3v3 rating requirement not met","1040","1042","3","","",""," case 0xce: iVar8 = (param_3[3] + 0x1c) * 0x32; goto LAB_1404a31b5;"
"207","0xcf","Personal5V5ArenaRating207","Personal arena 5v5 rating requirement not met","1043","1045","3","","",""," case 0xcf: iVar8 = (param_3[3] + 0x1c) * 0x32; goto LAB_1404a31d3;"
"208","0xd0","Battlegrounds208","Battlegrounds requirement not met ","1046","1048","3","","",""," case 0xd0: iVar8 = (param_3[3] + 0x1c) * 0x32; goto LAB_1404a31f1;"
"209","0xd1","Warplots209","Warplots requirement not met","1049","1051","3","","",""," case 0xd1: iVar8 = (param_3[3] + 0x1c) * 0x32; goto LAB_1404a320f;"
"210","0xd2","Personal2V2ArenaRating210","Personal arena 2v2 rating requirement not met","1052","1054","1|3","0x230","","context vfunc 0x230"," case 0xd2: uVar9 = (**(code **)(*param_1 + 0x230))(param_1,*param_2,param_3[1],param_3[3]); break;"
"211","0xd3","Personal3V3ArenaRating211","Personal arena 3v3 rating requirement not met","1055","1057","1|3","0x238","","context vfunc 0x238"," case 0xd3: uVar9 = (**(code **)(*param_1 + 0x238))(param_1,*param_2,param_3[1],param_3[3]); break;"
"212","0xd4","Personal5V5ArenaRating212","Personal arena 5v5 rating requirement not met","1058","1060","1|3","0x240","","context vfunc 0x240"," case 0xd4: uVar9 = (**(code **)(*param_1 + 0x240))(param_1,*param_2,param_3[1],param_3[3]); break;"
"213","0xd5","PersonalWarplotRating","Personal warplots rating requirement not met","1061","1063","1|3","0x248","","context vfunc 0x248"," case 0xd5: uVar9 = (**(code **)(*param_1 + 0x248))(param_1,*param_2,param_3[1],param_3[3]); break;"
"214","0xd6","SpellBaseId","Spell requirement not met","1064","1066","1|2","0x188","","context vfunc 0x188"," case 0xd6: uVar9 = (**(code **)(*param_1 + 0x188))(param_1,*param_2,param_3[1],param_3[2]); break;"
"215","0xd7","Shield215","Shield requirement not met","1067","1069","1|3","","1404a4cf0",""," case 0xd7: uVar9 = FUN_1404a4cf0(&switchD_14018df93::caseD_16,*param_2,param_3[1],param_3[3]); break;"
"216","0xd8","Shield216","Shield requirement not met","1070","1080","1|3","","1404a2090","uint compare helper; direct subject memory read"," case 0xd8: iVar8 = param_3[3]; iVar3 = param_3[1]; if ((longlong *)*param_2 == (longlong *)0x0) { uVar9 = 0; } else { uVar6 = (**(code **)(*(longlong *)*param_2 + 0x70))(); uVar9 = FUN_1404a2090(extraout_XMM0_Qa,iVar3,uVar6,iVar8); } break;"
"217","0xd9","PvpFlag","Target is not flagged for PvP.","1081","1083","1|3","0x1f8","","context vfunc 0x1f8"," case 0xd9: uVar9 = (**(code **)(*param_1 + 0x1f8))(param_1,*param_2,param_3[1],param_3[3]); break;"
"218","0xda","Datacube","Datacube requirement not met","1084","1086","1|2","0x660","","context vfunc 0x660"," case 0xda: uVar9 = (**(code **)(*param_1 + 0x660))(param_1,*param_2,param_3[1],param_3[2]); break;"
"219","0xdb","Volume","Volume requirement not met","1087","1089","1|2","0x668","","context vfunc 0x668"," case 0xdb: uVar9 = (**(code **)(*param_1 + 0x668))(param_1,*param_2,param_3[1],param_3[2]); break;"
"220","0xdc","Unknown220","Exist in PrerequisiteType.tbl but does not have a description","1090","1092","1|2|3","0x498","","context vfunc 0x498"," case 0xdc: uVar9 = (**(code **)(*param_1 + 0x498))(param_1,*param_2,param_3[1],param_3[2],param_3[3]); break;"
"221","0xdd","ActionSetSpell","Spell requirement not met","1093","1095","1|2","0x190","","context vfunc 0x190"," case 0xdd: uVar9 = (**(code **)(*param_1 + 400))(param_1,*param_2,param_3[1],param_3[2]); break;"
"222","0xde","Unknown222","Requirements not met","1096","1098","1","0x380","","context vfunc 0x380"," case 0xde: uVar9 = (**(code **)(*param_1 + 0x380))(param_1,*param_2,param_3[1]); break;"
"223","0xdf","Unknown223","Requirements not met","1099","1101","1|2","0x438","","context vfunc 0x438; uses secondary context/target"," case 0xdf: uVar9 = (**(code **)(*param_1 + 0x438))(param_1,*param_2,param_3[1],param_3[2],param_2[1]); break;"
"224","0xe0","LevelGrantAbilityTierPoints","Level does not grant any ability tier points","1102","1105","1","0x3b8","","context vfunc 0x3b8"," case 0xe0: uVar9 = (**(code **)(*param_1 + 0x3b8)) (param_1,param_3[1],*(undefined4 *)((longlong)param_2 + 0x2c)); break;"
"225","0xe1","LevelGrantAmpPoints","Level does not grant any AMP points","1106","1109","1","0x3c0","","context vfunc 0x3c0"," case 0xe1: uVar9 = (**(code **)(*param_1 + 0x3c0)) (param_1,param_3[1],*(undefined4 *)((longlong)param_2 + 0x2c)); break;"
"226","0xe2","Entitlement","Entitlement requirement not met","1110","1112","1|2","0x670","","context vfunc 0x670"," case 0xe2: uVar9 = (**(code **)(*param_1 + 0x670))(param_1,*param_2,param_3[1],param_3[2]); break;"
"227","0xe3","EldanAugmentation227","Eldan augmentation requirement not met","1113","1115","1|2","0x198","","context vfunc 0x198"," case 0xe3: uVar9 = (**(code **)(*param_1 + 0x198))(param_1,*param_2,param_3[1],param_3[2]); break;"
"228","0xe4","TradeSkill228","Tradeskill requirement not met","1116","1118","1|2","0x3e8","","context vfunc 0x3e8"," case 0xe4: uVar9 = (**(code **)(*param_1 + 1000))(param_1,*param_2,param_3[1],param_3[2]); break;"
"229","0xe5","TradeSkill229","Tradeskill requirement not met","1119","1121","1|2","0x3f0","","context vfunc 0x3f0"," case 0xe5: uVar9 = (**(code **)(*param_1 + 0x3f0))(param_1,*param_2,param_3[1],param_3[2]); break;"
"230","0xe6","WarplotRating","Warplot rating requirement not met","1122","1124","3","","",""," case 0xe6: iVar8 = (param_3[3] + 0x1c) * 0x32; goto LAB_1404a322d;"
"231","0xe7","EldanAugmentation231","Eldan augmentation requirement not met","1125","1127","1|2","0x1a0","","context vfunc 0x1a0"," case 0xe7: uVar9 = (**(code **)(*param_1 + 0x1a0))(param_1,*param_2,param_3[1],param_3[2]); break;"
"232","0xe8","Plane","Plane requirement not met","1128","1130","1|3","0x288","","context vfunc 0x288"," case 0xe8: uVar9 = (**(code **)(*param_1 + 0x288))(param_1,*param_2,param_3[1],param_3[3]); break;"
"233","0xe9","Spell233","Spell requirement not met","1131","1133","1|2","0x1a8","","context vfunc 0x1a8"," case 0xe9: uVar9 = (**(code **)(*param_1 + 0x1a8))(param_1,*param_2,param_3[1],param_3[2]); break;"
"234","0xea","WarplotUpgrade","Warplot upgrade requirement not met","1134","1136","1","0x650","","context vfunc 0x650; uses secondary context/target"," case 0xea: uVar9 = (**(code **)(*param_1 + 0x650))(param_1,*param_2,param_3[1],param_2[1]); break;"
"235","0xeb","BonusAbilityTierPoints","Bonus ability tier point requirement not met","1137","1139","1|3","0x98","","context vfunc 0x98"," case 0xeb: uVar9 = (**(code **)(*param_1 + 0x98))(param_1,*param_2,param_3[1],param_3[3]); break;"
"236","0xec","AbilityTierPoints","Ability tier points requirement not met","1140","1142","1|3","0xa0","","context vfunc 0xa0"," case 0xec: uVar9 = (**(code **)(*param_1 + 0xa0))(param_1,*param_2,param_3[1],param_3[3]); break;"
"237","0xed","BonusPower","Bonus power requirement not met","1143","1145","1|3","0xa8","","context vfunc 0xa8"," case 0xed: uVar9 = (**(code **)(*param_1 + 0xa8))(param_1,*param_2,param_3[1],param_3[3]); break;"
"238","0xee","Power","Power requirement not met","1146","1148","1|3","0xb0","","context vfunc 0xb0"," case 0xee: uVar9 = (**(code **)(*param_1 + 0xb0))(param_1,*param_2,param_3[1],param_3[3]); break;"
"239","0xef","ActionBar","Action bar does not meet requirements ","1149","1151","1|3","0xb8","","context vfunc 0xb8"," case 0xef: uVar9 = (**(code **)(*param_1 + 0xb8))(param_1,*param_2,param_3[1],param_3[3]); break;"
"240","0xf0","Unknown240","Exist in PrerequisiteType.tbl but does not have a description","1152","1154","1|2","0x2e8","","context vfunc 0x2e8"," case 0xf0: uVar9 = (**(code **)(*param_1 + 0x2e8))(param_1,param_3[1],param_3[2]); break;"
"241","0xf1","Unknown241","Exist in PrerequisiteType.tbl but does not have a description","1155","1157","1","0x638","","context vfunc 0x638"," case 0xf1: uVar9 = (**(code **)(*param_1 + 0x638))(param_1,*param_2,param_3[1]); break;"
"242","0xf2","LiveEvent242","Live event not complete","1158","1160","1|2","0x598","","context vfunc 0x598"," case 0xf2: uVar9 = (**(code **)(*param_1 + 0x598))(param_1,param_3[1],param_3[2]); break;"
"243","0xf3","Faction243","Faction requirement not met","1161","1163","1|3","0x70","","context vfunc 0x70"," case 0xf3: uVar9 = (**(code **)(*param_1 + 0x70))(param_1,*param_2,param_3[1],param_3[3]); break;"
"244","0xf4","Unknown244","Exist in PrerequisiteType.tbl but does not have a description","1164","1166","1","0xc0","","context vfunc 0xc0"," case 0xf4: uVar9 = (**(code **)(*param_1 + 0xc0))(param_1,*param_2,param_3[1]); break;"
"245","0xf5","Unknown245","Exist in PrerequisiteType.tbl but does not have a description","1167","1169","1|2","0x698","","context vfunc 0x698"," case 0xf5: uVar9 = (**(code **)(*param_1 + 0x698))(param_1,*param_2,param_3[1],param_3[2]); break;"
"246","0xf6","Inventory","Inventory requirement not met - AccountItemClaimed?","1170","1172","1|3","0x130","","context vfunc 0x130"," case 0xf6: uVar9 = (**(code **)(*param_1 + 0x130))(param_1,*param_2,param_3[1],param_3[3]); break;"
"248","0xf8","Unknown248","Exist in PrerequisiteType.tbl but does not have a description","1173","1175","1|2|3","0x5c0","","context vfunc 0x5c0"," case 0xf8: uVar9 = (**(code **)(*param_1 + 0x5c0))(param_1,*param_2,param_3[1],param_3[2],param_3[3]); break;"
"250","0xfa","BaseFaction","Base faction requirement not met","1176","1178","1|3","0x60","","context vfunc 0x60"," case 0xfa: uVar9 = (**(code **)(*param_1 + 0x60))(param_1,*param_2,param_3[1],param_3[3]); break;"
"251","0xfb","Personal2V2ArenaRating251","Personal arena 2v2 rating requirement not met","1179","1183","1|3","0x200","","context vfunc 0x200"," case 0xfb: iVar8 = param_3[3]; LAB_1404a3197: uVar9 = (**(code **)(*param_1 + 0x200))(param_1,*param_2,param_3[1],iVar8); break;"
"252","0xfc","Personal3V3ArenaRating252","Personal arena 3v3 rating requirement not met","1184","1188","1|3","0x208","","context vfunc 0x208"," case 0xfc: iVar8 = param_3[3]; LAB_1404a31b5: uVar9 = (**(code **)(*param_1 + 0x208))(param_1,*param_2,param_3[1],iVar8); break;"
"253","0xfd","Personal5V5ArenaRating253","Personal arena 5v5 rating requirement not met","1189","1193","1|3","0x210","","context vfunc 0x210"," case 0xfd: iVar8 = param_3[3]; LAB_1404a31d3: uVar9 = (**(code **)(*param_1 + 0x210))(param_1,*param_2,param_3[1],iVar8); break;"
"254","0xfe","Battlegrounds254","Battlegrounds requirement not met","1194","1198","1|3","0x218","","context vfunc 0x218"," case 0xfe: iVar8 = param_3[3]; LAB_1404a31f1: uVar9 = (**(code **)(*param_1 + 0x218))(param_1,*param_2,param_3[1],iVar8); break;"
"255","0xff","Warplots255","Warplots requirement not met","1199","1203","1|3","0x220","","context vfunc 0x220"," case 0xff: iVar8 = param_3[3]; LAB_1404a320f: uVar9 = (**(code **)(*param_1 + 0x220))(param_1,*param_2,param_3[1],iVar8); break;"
"256","0x100","WarplotRating256","Warplot rating requirement not met","1204","1208","1|3","0x228","","context vfunc 0x228"," case 0x100: iVar8 = param_3[3]; LAB_1404a322d: uVar9 = (**(code **)(*param_1 + 0x228))(param_1,*param_2,param_3[1],iVar8); break;"
"259","0x103","Unknown259","Exist in PrerequisiteType.tbl but does not have a description","1209","1211","1|2","0x530","","context vfunc 0x530"," case 0x103: uVar9 = (**(code **)(*param_1 + 0x530))(param_1,param_3[1],param_3[2]); break;"
"260","0x104","Unknown260","Requirements not met","1212","1214","1","0x640","","context vfunc 0x640; uses secondary context/target"," case 0x104: uVar9 = (**(code **)(*param_1 + 0x640))(param_1,*param_2,param_3[1],param_2[1]); break;"
"261","0x105","Personal2V2ArenaRating261","Personal arena 2v2 rating requirement not met","1215","1217","1|2|3","0x250","","context vfunc 0x250"," case 0x105: uVar9 = (**(code **)(*param_1 + 0x250))(param_1,*param_2,param_3[1],param_3[2],param_3[3]); break;"
"262","0x106","Personal3V3ArenaRating262","Personal arena 3v3 rating requirement not met","1218","1220","1|2|3","0x258","","context vfunc 0x258"," case 0x106: uVar9 = (**(code **)(*param_1 + 600))(param_1,*param_2,param_3[1],param_3[2],param_3[3]); break;"
"263","0x107","Personal5V5ArenaRating263","Personal arena 5v5 rating requirement not met","1221","1223","1|2|3","0x260","","context vfunc 0x260"," case 0x107: uVar9 = (**(code **)(*param_1 + 0x260))(param_1,*param_2,param_3[1],param_3[2],param_3[3]); break;"
"264","0x108","Battlegrounds264","Battlegrounds requirement not met","1224","1226","1|2|3","0x268","","context vfunc 0x268"," case 0x108: uVar9 = (**(code **)(*param_1 + 0x268))(param_1,*param_2,param_3[1],param_3[2],param_3[3]); break;"
"265","0x109","Warplots265","Warplots requirement not met","1227","1229","1|2|3","0x270","","context vfunc 0x270"," case 0x109: uVar9 = (**(code **)(*param_1 + 0x270))(param_1,*param_2,param_3[1],param_3[2],param_3[3]); break;"
"266","0x10a","Unknown266","Exist in PrerequisiteType.tbl but does not have a description","1230","1232","1","0xc8","","context vfunc 0xc8"," case 0x10a: uVar9 = (**(code **)(*param_1 + 200))(param_1,*param_2,param_3[1]); break;"
"267","0x10b","Unknown267","Exist in PrerequisiteType.tbl but does not have a description","1233","1235","1","0x320","","context vfunc 0x320"," case 0x10b: uVar9 = (**(code **)(*param_1 + 800))(param_1,*param_2,param_3[1]); break;"
"268","0x10c","Unknown268","Exist in PrerequisiteType.tbl but does not have a description","1236","1238","1|2","0x3c8","","context vfunc 0x3c8"," case 0x10c: uVar9 = (**(code **)(*param_1 + 0x3c8))(param_1,param_3[1],param_3[2]); break;"
"269","0x10d","RapidTransport","Exist in PrerequisiteType.tbl but does not have a description","1239","1241","1|2","0xd0","","context vfunc 0xd0"," case 0x10d: uVar9 = (**(code **)(*param_1 + 0xd0))(param_1,*param_2,param_3[1],param_3[2]); break;"
"270","0x10e","LoyaltyRewards","Loyalty requirement not met","1242","1244","1|3","0x680","","context vfunc 0x680"," case 0x10e: uVar9 = (**(code **)(*param_1 + 0x680))(param_1,*param_2,param_3[1],param_3[3]); break;"
"271","0x10f","Unknown271","Exist in PrerequisiteType.tbl but does not have a description","1245","1248","1","0x178","","context vfunc 0x178"," case 0x10f: uVar9 = (**(code **)(*param_1 + 0x178)) (param_1,*(undefined4 *)((longlong)param_2 + 0x24),param_3[1]); break;"
"272","0x110","Unknown272","Exist in PrerequisiteType.tbl but does not have a description","1249","1251","1","0x180","","context vfunc 0x180"," case 0x110: uVar9 = (**(code **)(*param_1 + 0x180))(param_1,(int)param_2[5],param_3[1]); break;"
"273","0x111","EntitlementCount","Entitlement count requirement not met","1252","1254","1|2|3","0x678","","context vfunc 0x678"," case 0x111: uVar9 = (**(code **)(*param_1 + 0x678))(param_1,*param_2,param_3[1],param_3[2],param_3[3]); break;"
"275","0x113","Unknown275","Exist in PrerequisiteType.tbl but does not have a description","1255","1257","1|2","0x6a0","","context vfunc 0x6a0"," case 0x113: uVar9 = (**(code **)(*param_1 + 0x6a0))(param_1,*param_2,param_3[1],param_3[2]); break;"
"276","0x114","OutOfBounds","You're out of bounds","1258","1266","1|3","0x2a8","","context vfunc 0x2a8; uses secondary context/target"," case 0x114: iVar8 = (**(code **)(*param_1 + 0x2a8))(param_1,*param_2,param_3[1],param_3[3]); uVar9 = uVar16; if ((iVar8 != 0) && (iVar8 = (**(code **)(*param_1 + 0x2a8))(param_1,param_2[1],param_3[1],param_3[3]), iVar8 != 0)) { uVar9 = 1; } break;"
"277","0x115","Unknown277","You cannot do that right now","1267","1275","1|3","0x2f8","","context vfunc 0x2f8; uses secondary context/target"," case 0x115: iVar8 = (**(code **)(*param_1 + 0x2f8))(param_1,*param_2,param_3[1],param_3[3]); uVar9 = uVar16; if ((iVar8 != 0) && (iVar8 = (**(code **)(*param_1 + 0x2f8))(param_1,param_2[1],param_3[1],param_3[3]), iVar8 != 0)) { uVar9 = 1; } break;"
"278","0x116","Unknown278","Requirements not met","1276","1282","1|2|3","0x300","","context vfunc 0x300; uses secondary context/target"," case 0x116: iVar8 = (**(code **)(*param_1 + 0x300))(param_1,*param_2,param_3[1],param_3[2],param_3[3]); uVar9 = uVar16; if ((iVar8 != 0) && (iVar8 = (**(code **)(*param_1 + 0x300))(param_1,param_2[1],param_3[1],param_3[2],param_3[3]) , iVar8 != 0)) goto LAB_1404a3612; break;"
"279","0x117","Spell279","Spell requirement not met","1283","1290","1|3","","1404a4ec0","uses secondary context/target"," case 0x117: iVar8 = FUN_1404a4ec0(&switchD_14018df93::caseD_16,*param_2,param_3[1],param_3[3]); uVar9 = uVar16; if ((iVar8 != 0) && (iVar8 = FUN_1404a4ec0(extraout_XMM0_Qa_01,param_2[1],param_3[1],param_3[3]), iVar8 != 0)) { uVar9 = 1; } break;"
"280","0x118","Spell280","Spell requirement not met","1291","1299","1|2|3","","1404a4f60","uses secondary context/target"," case 0x118: iVar8 = FUN_1404a4f60(&switchD_14018df93::caseD_16,*param_2,param_3[1],param_3[2],param_3[3]); uVar9 = uVar16; if ((iVar8 != 0) && (iVar8 = FUN_1404a4f60(extraout_XMM0_Qa_02,param_2[1],param_3[1],param_3[2],param_3[3]), iVar8 != 0)) { uVar9 = 1; } break;"
"281","0x119","Falling","Falling requirement not met","1300","1306","","","","direct subject memory read"," case 0x119: uVar9 = uVar16; if (*param_2 != 0) { uVar5 = *(uint *)(*param_2 + 0x1070) & 4; goto LAB_1404a22ec; } break;"
"283","0x11b","Unknown283","Marked as N/A","1307","1309","1","0x6a8","","context vfunc 0x6a8; uses secondary context/target"," case 0x11b: uVar9 = (**(code **)(*param_1 + 0x6a8))(param_1,*param_2,param_3[1],param_2[1]); break;"
"285","0x11d","Unknown285","Exist in PrerequisiteType.tbl but does not have a description","1310","1312","1|3","0x6b0","","context vfunc 0x6b0; uses secondary context/target"," case 0x11d: uVar9 = (**(code **)(*param_1 + 0x6b0))(param_1,*param_2,param_3[1],param_3[3],param_2[1]); break;"
"286","0x11e","Unknown286","Exist in PrerequisiteType.tbl but does not have a description","1313","1315","1|3","0x688","","context vfunc 0x688"," case 0x11e: uVar9 = (**(code **)(*param_1 + 0x688))(param_1,*param_2,param_3[1],param_3[3]); break;"
"287","0x11f","Unknown287","Exist in PrerequisiteType.tbl but does not have a description","1316","1318","1|3","0x690","","context vfunc 0x690"," case 0x11f: uVar9 = (**(code **)(*param_1 + 0x690))(param_1,*param_2,param_3[1],param_3[3]); break;"
"288","0x120","PurchasedTitle","Character title requirement not met","1319","1321","1|2","0x6b8","","context vfunc 0x6b8"," case 0x120: uVar9 = (**(code **)(*param_1 + 0x6b8))(param_1,*param_2,param_3[1],param_3[2]); break;"
"289","0x121","Unknown289","Exist in PrerequisiteType.tbl but does not have a description","1322","1324","1","0x3d0","","context vfunc 0x3d0"," case 0x121: uVar9 = (**(code **)(*param_1 + 0x3d0))(param_1,param_3[1]); break;"
"290","0x122","Unknown290","Exist in PrerequisiteType.tbl but does not have a description","1325","1327","1|3","0x3a8","","context vfunc 0x3a8"," case 0x122: uVar9 = (**(code **)(*param_1 + 0x3a8))(param_1,param_3[1],param_3[3]); break;"
"291","0x123","Unknown291","Exist in PrerequisiteType.tbl but does not have a description","1328","1330","1|2|3","0x6c0","","context vfunc 0x6c0"," case 0x123: uVar9 = (**(code **)(*param_1 + 0x6c0))(param_1,*param_2,param_3[1],param_3[2],param_3[3]); break;"
"292","0x124","Unknown292","Exist in PrerequisiteType.tbl but does not have a description - Primal Matrix ?","1331","1333","1|2|3","0x6c8","","context vfunc 0x6c8"," case 0x124: uVar9 = (**(code **)(*param_1 + 0x6c8))(param_1,*param_2,param_3[1],param_3[2],param_3[3]); break;"
"293","0x125","Unknown293","Exist in PrerequisiteType.tbl but does not have a description","1334","1336","1|2|3","0x148","","context vfunc 0x148"," case 0x125: uVar9 = (**(code **)(*param_1 + 0x148))(param_1,*param_2,param_3[1],param_3[2],param_3[3]); break;"
"294","0x126","Unknown294","Exist in PrerequisiteType.tbl but does not have a description","1337","1339","1","0x6d0","","context vfunc 0x6d0"," case 0x126: uVar9 = (**(code **)(*param_1 + 0x6d0))(param_1,*param_2,param_3[1]); break;"
"295","0x127","Unknown295","Requirements not met           ","1340","1356","1","","1404a5080",""," case 0x127: if (((*param_2 != 0) && (param_3[1] != 1)) && (uVar9 = uVar16, param_3[1] == 2)) { uVar9 = 1; } } LAB_1404a4817: if ((*(int *)((longlong)param_1 + 0x6c) != 0) && (*param_3 != 0xb)) { FUN_1404a5080(param_1,*param_3,uVar9); } return uVar9; LAB_1404a257c: uVar5 = 1; goto LAB_1404a22ec; } ```"
